SUBJID,VISIT,VS_DATE,SYSBP,DIABP,PULSE,WEIGHT,WEIGHT_UNIT
S01-001,Screening,2026-03-02,132,84,72,81.2,kg
S01-001,Week 4,03/30/2026,128,82,70,179,lb
S01-002,Screening,2026-03-03,145,92,80,90.0,kg
S01-002,Week 4,2026-03-31,300,90,78,89.5,kg
S01-003,Screening,2026-03-05,118,76,66,70.4,kg
S01-003,Screening,2026-03-05,118,76,66,70.4,kg
S01-004,Screening,2026-03-06,122,130,70,65,kg
S02-001,Screening,2026-03-09,138,88,abc,77,kg
S02-001,Week 4,2026-04-06,134,86,74,76.5,kg
S02-002,Screening,2026-13-40,126,80,68,88,kg
S02-002,Wk 12,2026-04-07,124,79,70,87.5,kg
S02-003,Screening,2026-03-11,130,85,75,72,kg
S03-001,Screening,2026-03-12,140,90,76,95,stone
S03-001,Week 4,2099-01-01,136,88,74,94,kg
S09-001,Screening,2026-03-12,120,80,70,70,kg
S03-002,Screening,2026-03-13,,82,71,68,kg
